lat,lon
40.93319106240668,-77.77330024146214
40.932757444218986,-77.7729796196276
40.932973952431645,-77.77221671489265
40.933255152484804,-77.7713852520847
40.933519073298335,-77.77052299744707
40.93374457245767,-77.7697600804502
40.934103412827874,-77.76888285071482
40.93440820650568,-77.76800558075477
40.93472826455652,-77.76724251102465
40.935045465788036,-77.76641065216685
40.93521147381486,-77.76568604694464
40.93537711259167,-77.76497663980884
40.93523128102646,-77.76429766031524
40.93468596383997,-77.76393902427182
40.93425726232729,-77.76341230446967
40.93393109955526,-77.76274103862089
40.9336077961614,-77.76213818850009
40.933229524762666,-77.7615738789601
40.932835736777385,-77.76109317745906
40.93294591621643,-77.76025380232987
40.933324584225296,-77.75967389623081
40.9337355611067,-77.75887301496276
40.93400546794748,-77.75813305817215
40.93433051104052,-77.75734714074204
40.93462183871818,-77.75665259975578
40.93499183760765,-77.75605782326603
40.93530780186685,-77.75546264903116
40.93570141561528,-77.75482170521539
40.93607536391894,-77.75424971358943
40.93639600441148,-77.75364692116477
40.93684473903278,-77.75296036683069
40.93720432315396,-77.75223521103898
40.937465130018346,-77.75168595952341
40.936971304695895,-77.75124381389378
40.936445789903715,-77.7508085249458
40.93600509866942,-77.75040422933773
40.93524653256919,-77.74973288043081
40.93467596835291,-77.74929797336071
40.93400991528317,-77.74890142341374
40.93331812253227,-77.74845111242156
40.932656573702474,-77.74805439550356
40.9320931874054,-77.74769590092569
40.93143723052582,-77.74725341133879
40.930810793513984,-77.74689491536294
40.930352620519855,-77.7464676903334
40.93007807901103,-77.74570479221391
40.92982768765328,-77.74487313000705
40.92963707094091,-77.74417866513454
40.92970299295942,-77.7433014699411
40.92997393135297,-77.74232475978857
40.930152976228804,-77.7414244030882
40.93013923739315,-77.74067676583293
40.92954768709473,-77.74055470024318
40.929012826646655,-77.74069995780192
40.9283290385239,-77.74066908550415
40.92772836193371,-77.74017331152994
40.92728515370334,-77.7394944200979
40.92691490361231,-77.73877735985884
40.92685916637768,-77.7380907412802
40.92731464928368,-77.73749537532066
40.92717838869969,-77.73678576020853
40.92669331286583,-77.73654158605447
40.926265736692336,-77.73596208763425
40.925801416991305,-77.73541262391558
40.92565903069309,-77.73458105667338
40.92580291389679,-77.73345180300267
40.9258995803583,-77.73241411493565
40.92622283290043,-77.7315063680159
40.926595796544646,-77.73059101135973
40.92664179998323,-77.72978983943125
40.926582414187216,-77.72906485673364
40.926581949432865,-77.72794336496106
40.92677260153253,-77.72673807244841
40.92711725346339,-77.72568532082674
40.92748206981106,-77.72492210910119
40.92778562355403,-77.72427364185512
40.92825471948464,-77.72367093783818
40.92862545907837,-77.72284708260186
40.92887369890346,-77.72225199036022
40.928268976802606,-77.7221147067559
40.92773955646876,-77.7220306180783
40.927162572762164,-77.72186293441865
40.92654146474608,-77.72165670303879
40.9258425334613,-77.72131331408157
40.9253168854317,-77.72106944843249
40.92484006141307,-77.72085579391575
40.92417318965627,-77.72068035812207
40.92356342272422,-77.72056590128807
40.92294122637761,-77.72059640124932
40.92220896858087,-77.72071070103479
40.92170313581899,-77.72077195037592
40.92095682910391,-77.72071831698729
40.92052035371474,-77.72013081443454
40.92021843451803,-77.71937555045324
40.91974177980944,-77.71858195915175
40.919359513911715,-77.71817778262064
40.91884809769261,-77.71790301180613
40.918274354228,-77.71778858476263
40.91758929227363,-77.71781133965155
40.917117870484155,-77.71794117937324
40.9165149562005,-77.71829975801116
40.915864662392345,-77.71875768269177
40.915380099044356,-77.719253562044
40.91483049912281,-77.7198335896552
40.91440483987186,-77.72031406039663
40.913869104076994,-77.72011584398291
40.913442356042566,-77.71949764326378
40.91305180307259,-77.71868132181496
40.91260881949633,-77.71779644788994
40.91218925777535,-77.71706392261542
40.91176014240333,-77.71635438969105
40.91114243571246,-77.7161944111844
40.91060564245533,-77.71642286175604
40.90999425902537,-77.71675881474559
40.90937206900287,-77.71698004903287
40.9087556376144,-77.71695702417456
40.90812479125841,-77.71697236458877
40.907380995029115,-77.7170031122768
40.906852482090734,-77.71726230556122
40.906343239103165,-77.71765917961415
40.9057905918472,-77.71817780785146
40.90522964734977,-77.71847535240097
40.90441308701633,-77.71853611893438
40.90369396306372,-77.71847548791708
40.90320057465383,-77.71877282227885
40.90267925524801,-77.71910870134266
40.901920881254306,-77.71937550403605
40.901229504417955,-77.7192841023
40.90065395883613,-77.71924604561939
40.900127960280955,-77.71939846560343
40.89958177873346,-77.71964279409009
40.899079022271685,-77.71995529876851
40.89859534043313,-77.71945954700809
40.89822640190769,-77.71868139365192
40.89794662746324,-77.71794139893133
40.89766253161636,-77.71738447845414
40.89744202347492,-77.71680457146202
40.89733175350012,-77.71613310759861
40.89777918842396,-77.71549225904897
40.898382645962045,-77.71530143632182
40.89875370821546,-77.7148436632642
40.89913196501853,-77.71427155607788
40.89954390343415,-77.71360771108287
40.899903058645876,-77.71308154930023
40.90029444874231,-77.71233375511545
40.900559212433656,-77.71179964202227
40.900775869475154,-77.71120457634133
40.90090928867038,-77.71051039846276
40.90079931995365,-77.70963303910752
40.900716212914496,-77.70895375832238
40.90095013290196,-77.7081983897975
40.90127088805221,-77.70758047670003
40.90183556808862,-77.7071227509682
40.90239538175512,-77.70668039979591
40.90269596573003,-77.70615401486998
40.902986800038896,-77.7054673388522
40.90324377892933,-77.7048798101976
40.9037323749366,-77.70401755114963
40.90409542726166,-77.70332341057426
40.90433816807823,-77.7027664460279
40.90431895711976,-77.70204930261538
40.90416735421542,-77.701408383804
40.90391359538992,-77.700706549554
40.90353012857487,-77.69996642493777
40.90322843201608,-77.69919587735191
40.902976802587915,-77.69840251812424
40.9029341170331,-77.69753270844139
40.90317046179531,-77.69667053203759
40.903274945006906,-77.69586197601134
40.903477971706856,-77.69507596933815
40.90334015400734,-77.6942290015623
40.90316767490262,-77.6931305941793
40.90310373171147,-77.69239792404794
40.90303178268608,-77.69142936297762
40.902978332668695,-77.69024676123414
40.903073483237826,-77.68906424890548
40.903200490810214,-77.68844616149454
40.90347427108729,-77.68771382225292
40.903543801302796,-77.6870496252821
40.90299822436684,-77.68669142687365
40.902268071899705,-77.68652348712001
40.90164292186749,-77.6862945132497
40.90134995689203,-77.68553182182669
40.900938840772646,-77.68481443587045
40.900509878269574,-77.68408965967804
40.89983559569972,-77.68345624227722
40.89914102528814,-77.68253341791635
40.89870251405055,-77.68183128948651
40.89820140622983,-77.68091594393174
40.89789355280403,-77.68040458596899
40.89723896677938,-77.67950420868074
40.89689815586678,-77.67905422292269
40.896236570245044,-77.67826079060093
40.89560735285293,-77.67781846872522
40.89518203847632,-77.67732243692956
40.894591152250655,-77.6767807858573
40.893998242089296,-77.67613223740469
40.8933848359137,-77.6755904410503
40.89288365949865,-77.67506393521319
40.89225523436497,-77.6743928463784
40.89169532893991,-77.6738740074853
40.8911430183712,-77.67341594127839
40.89067183492867,-77.67314919843264
40.89034843350717,-77.67388910489265
40.890084980159045,-77.67456836674653
40.889689262308806,-77.67512508832003
40.88927673174413,-77.67601789921979
40.8890773836936,-77.67665113958562
40.88881587729811,-77.67724589231058
40.88848123446765,-77.67788701839545
40.888212372271695,-77.67860422869786
40.88802800994637,-77.67936712531018
40.887705347127785,-77.6802672250976
40.88727345409135,-77.68102270976554
40.88699532565847,-77.68155667458058
40.88679055221574,-77.68222822893576
40.88623604301178,-77.68264012243857
40.88581528186281,-77.68330367696514
40.885406599802344,-77.68402853487014
40.8849582659686,-77.68471543490077
40.884416671260105,-77.68553911237758
40.883943621860524,-77.68612671267839
40.883521356969695,-77.6866607304547
40.88300184985738,-77.68730911002997
40.88254100484439,-77.6877592205679
40.88195962919744,-77.68816365071054
40.88149954662441,-77.68877398750638
40.881119453177334,-77.68943020376007
40.880963462021,-77.69013220648726
40.88079195218519,-77.69072714357769
40.880648802291276,-77.69165031427875
40.88037624199593,-77.69232940833854
40.88009431582279,-77.6930236923875
40.87988444252081,-77.69371792698205
40.87970301555416,-77.69435101011683
40.87931009581513,-77.69497661812987
40.87903880980408,-77.6957929465832
40.87875164496401,-77.69651776858097
40.87849581418323,-77.697250532157
40.87831690778639,-77.69796750314312
40.87801279122475,-77.69864637734274
40.87752816462861,-77.69934089878195
40.87716313436818,-77.69992828333189
40.876835735457256,-77.70044710588552
40.876425664477786,-77.7010345004029
40.876154128043545,-77.70166757258832
40.87566155436131,-77.7023161188547
40.87509727686492,-77.7029495001851
40.874685014853796,-77.70343776790754
40.87430069936716,-77.70407845843786
40.873934354940076,-77.70452890691719
40.87349974728606,-77.70500957187251
40.873042267949046,-77.70550524348134
40.87260387053235,-77.70595533570115
40.872252671676954,-77.70652763130431
40.8717890415878,-77.70690141143047
40.87128073182844,-77.70726001666718
40.87074104820706,-77.70742044759909
40.870176701719544,-77.70767219693418
40.86979018930541,-77.70821373111907
40.86945159848929,-77.70882395447141
40.86944067816722,-77.70948016689492
40.869321312341754,-77.71015160569944
40.869163936814026,-77.71090714141042
40.86891774955031,-77.711608992378
40.868644894404696,-77.71229565955856
40.86851129141764,-77.71299727818048
40.86834830058368,-77.71360796518859
40.867877223348586,-77.7133406720614
40.86756464447196,-77.71284478657851
40.86724305624941,-77.71234890871712
40.866849592321614,-77.71184528141569
40.866388211472305,-77.71135705562106
40.86601635876134,-77.71089177004119
40.86550326528605,-77.71030430782903
40.86511176820089,-77.7097166241683
40.864637584986546,-77.7091978731172
40.864206641417624,-77.7087554142798
40.86371876435675,-77.70824427577563
40.86327990650821,-77.70794684066493
40.86292027331442,-77.70734417679786
40.86263791447836,-77.7067109299529
40.86220660375588,-77.70628368671986
40.86163947200614,-77.7058868794028
40.861145829727064,-77.70542893408185
40.86065435515499,-77.70507044089885
40.860224115103556,-77.70459729451669
40.859690436100806,-77.7039260532071
40.859254580103986,-77.70330810940693
40.85880410168193,-77.7025453672664
40.858413993769595,-77.70189667770487
40.85808299117807,-77.70141611065914
40.85772514732492,-77.70092778452235
40.85735396841661,-77.7004318781963
40.856992687803405,-77.6998978253803
40.856574681785816,-77.69947824849048
40.85620801032546,-77.69994342270913
40.855826390523106,-77.70046989264198
40.855252755282834,-77.70111866957532
40.85480755860759,-77.7007065178011
40.854269252544185,-77.70042404015169
40.853834340963154,-77.70014947514153
40.85322354711965,-77.69950078228042
40.8527469879356,-77.69908144988972
40.85226343076505,-77.69876859769795
40.851545331754174,-77.69847106347905
40.85097713695235,-77.69831084260784
40.85037902472523,-77.69808194694589
40.84988556427284,-77.69780726233816
40.84916656927636,-77.69754789329332
40.848535285796785,-77.69719682802352
40.84796182399829,-77.69687665678657
40.84753805741641,-77.69651030062138
40.84695643925311,-77.69596111344259
40.84654488895119,-77.69545738023731
40.84617172575757,-77.69504527858133
40.84582949475084,-77.69446578869403
40.84549124066494,-77.69390870502427
40.84508306334207,-77.69326020926198
40.844762281051594,-77.69272608460028
40.84430750647511,-77.69233702041579
40.84381562948002,-77.69199390144728
40.84318598071842,-77.69176492584441
40.84251188685423,-77.69170353530146
40.84197578292757,-77.69171148132354
40.84148199657539,-77.69164293813486
40.84104795879183,-77.6913299781722
40.841165741697225,-77.69052863340096
40.84108754500974,-77.689826839041
40.84062339773414,-77.6894530045723
40.840417850050905,-77.68880462558378
40.84036429740339,-77.68801118187905
40.83998595380671,-77.68724056308659
40.83974383808425,-77.68661480978977
40.83964724882619,-77.68592822845615
40.83935647014779,-77.68526456804146
40.83893135360897,-77.68476115425086
40.83861918252171,-77.68424229336917
40.83814790455464,-77.68359360281978
40.8377397344821,-77.68313573652266
40.83716379408214,-77.68253324283603
40.83655047168863,-77.68218237270949
40.83589768779758,-77.68178544627128
40.83543949583474,-77.68154164720245
40.83453231521496,-77.68104553652506
40.83401522560554,-77.68081679150457
40.83346370767358,-77.68051921633749
40.8327871548344,-77.68017584372241
40.8320578722634,-77.67996969045551
40.83144330082948,-77.67967218559389
40.83070826989927,-77.67951954368782
40.82994638894246,-77.6793595244266
40.82932217106495,-77.67928324255253
40.82882458783587,-77.67918390064489
40.828148098387835,-77.67903140614625
40.8275571817008,-77.67887865576382
40.82684501520661,-77.6787110210899
40.82607430546316,-77.67854325646927
40.82544214550158,-77.67842109260086
40.82492849851255,-77.67823774713554
40.82443558490767,-77.67813119872102
40.824280044214724,-77.67745983105654
40.824598506266405,-77.67693352008033
40.82497437830808,-77.67626204015114
40.82518864859229,-77.67556774959225
40.82550384001019,-77.67498793322913
40.825823536593084,-77.6744079219773
40.82622437332745,-77.67401866164023
40.82660844555151,-77.67318703219063
40.82694916448721,-77.67169963453055
40.82725013989144,-77.67037181519993
40.82751629357321,-77.66976923736473
40.82792081861971,-77.66922000837023
40.82828949204639,-77.66866303500873
40.828580807118136,-77.66794583638611
40.828876797137305,-77.66722103719863
40.82905065770061,-77.66651912770483
40.82890838551735,-77.6658553114528
40.82890103918884,-77.66519912748677
40.82912680941095,-77.66458896724532
40.82928087738487,-77.66396333211364
40.82885612276507,-77.66363505163346
40.82844979973046,-77.66309370227184
40.8280389830908,-77.66255180921767
40.827601312686625,-77.66200254896235
40.82720779572863,-77.6614913764699
40.82664578598772,-77.6608656411855
40.82629226253473,-77.66037757399282
40.825906164911096,-77.65993489801245
40.82548958585645,-77.6594469144327
40.82501429037957,-77.65896622428271
40.82454793230484,-77.65868376404325
40.82410890415089,-77.65897376130602
40.823833969863244,-77.65956896190053
40.82343779672419,-77.66014856463113
40.82300347280201,-77.66082000745712
40.822610912992374,-77.66143790418424
40.82208039521626,-77.66178905648367
40.82151835514423,-77.66214005370232
40.82100497817983,-77.66252893247287
40.82051463561159,-77.66289538501415
40.81992177239152,-77.66321586134126
40.81925658334109,-77.66335300099708
40.81863994524207,-77.66333795283093
40.81816733685341,-77.6631315642839
40.81787033539085,-77.66253651473176
40.81754489855674,-77.66200257635214
40.81709557437903,-77.66156779705844
40.81653502630783,-77.66165911812094
40.81619737938772,-77.66223913580218
40.81586634914199,-77.66272753175073
40.81558239910628,-77.66332228371645
40.81506803418398,-77.66355881339072
40.81450881180342,-77.66378761648376
40.81410395498185,-77.66435231917767
40.81381654152524,-77.66490171208687
40.81348515000791,-77.66540525268006
40.81315993949695,-77.6660309209307
40.81333011957537,-77.66665642650385
40.81368043384399,-77.667282115528
40.81392178317386,-77.66794567731132
40.81411790351873,-77.66861743318798
40.81366596444296,-77.66907500006221
40.81313480847585,-77.66925819870119
40.812470487900306,-77.66935751460058
40.81196353401689,-77.66966245030856
40.81139944072419,-77.67029554086353
40.81102872434077,-77.67074596477529
40.810641146882,-77.67134092620806
40.810138155983545,-77.67166896629381
40.80963940976837,-77.6718137985851
40.809190633051756,-77.67213437524406
40.80889726107234,-77.67274494949025
40.80860009889487,-77.67332461917535
40.80831334883054,-77.67384357871813
40.807972467940864,-77.67456039771514
40.80766937231546,-77.67520130594048
40.80744892781429,-77.67577366553112
40.80724075874338,-77.67639911701603
40.807011120791245,-77.67697924883663
40.80667057365427,-77.67768086340324
40.80623827008327,-77.67826098170161
40.805779664229156,-77.67881002937048
40.80541278139089,-77.67948166840164
40.80514083679818,-77.68013748959672
40.80519894799756,-77.68093105944332
40.80552465082919,-77.68144980999948
40.80601329371772,-77.6817399066239
40.80639736324523,-77.68226620545303
40.80679582368496,-77.68275456517904
40.807153753504956,-77.68324277889633
40.807196207890506,-77.68412761243232
40.8069076357504,-77.6847227502887
40.80658877217174,-77.68526480036485
40.80607176401931,-77.6858062597095
40.80561377194025,-77.68613413259091
40.80519215292281,-77.68644717016231
40.80461925320141,-77.68687448595857
40.80410164617294,-77.6872480931273
40.803653183893,-77.68755336586715
40.803201692811385,-77.68798852793634
40.8028547406693,-77.68857570020977
40.8026086889793,-77.689277694849
40.802349661906206,-77.68995656503687
40.80182066337812,-77.6902389262711
40.80133130307075,-77.69055955499947
40.80081042962351,-77.69087964642196
40.8003967352833,-77.6912385121219
40.799902750964534,-77.69175710220085
40.799478621339894,-77.69217702127519
40.799010410447046,-77.69274886492828
40.79877636749846,-77.69332128285804
40.798445749478546,-77.69378645148157
40.79811895749243,-77.69447326124987
40.797815756485164,-77.695113980299
40.79746353578762,-77.69573233805579
40.796988620140944,-77.696204976993
40.79652809192449,-77.6966400431072
40.79611727932314,-77.69706748710138
40.79573385048029,-77.69747936836913
40.79498043167527,-77.69715107472253
40.79432140132355,-77.69683068515323
40.79381945532525,-77.69653332869618
40.793224727825084,-77.6961592601094
40.79269486700227,-77.6959000418593
40.79214115281619,-77.6960831747901
40.79177881389121,-77.69655625940705
40.79133684535647,-77.69619764550008
40.79097192435513,-77.69562550240666
40.790705725254654,-77.69506847051564
40.790562370265064,-77.6944578982691
40.79028768529558,-77.69387831073874
40.78978382471287,-77.69385534048268
40.789332666648335,-77.69350416138467
40.78901513238145,-77.69302358766781
40.7886741335311,-77.69239060367943
40.78832021980025,-77.69192486458763
40.78789606820362,-77.69157405734201
40.78741062663521,-77.69172664472977
40.78720183358414,-77.69237516524633
40.787038608931816,-77.69300071210635
40.78657358550875,-77.69343592782224
40.78615829489117,-77.69386277975268
40.78580479140439,-77.69434359951106
40.78530311316839,-77.69441996175041
40.78468519244062,-77.6942672129353
40.78415573605229,-77.69418321892731
40.7836259642294,-77.69430547384111
40.783103418761975,-77.69450393129361
40.782568666960564,-77.69483927326912
40.78208428525635,-77.69494632303324
40.781597012332966,-77.69498437978531
40.781115216745505,-77.69459534145082
40.78060983406273,-77.69425201154404
40.780031598375714,-77.69432823725411
40.779462771925395,-77.69457998587525
40.77891949311983,-77.6947020550995
40.778486884933116,-77.69509890026505
40.77826817771121,-77.69578543202574
40.77810529187228,-77.69639571988694
40.77764801902835,-77.69688411921732
40.77711636739333,-77.69747169554338
40.77665677090022,-77.69805921785387
40.77636759921632,-77.69867696032551
40.77604203178202,-77.69931025533418
40.7756699568267,-77.69981391997027
40.77520913984162,-77.70064536444377
40.774577288190514,-77.70108776160637
40.774023239956776,-77.70147702623855
40.773424518440294,-77.70185077438511
40.77299728848388,-77.70220925438625
40.77252250745311,-77.70267502351048
40.77200988432979,-77.70302595783939
40.77161743132877,-77.70343766701562
40.77118912156203,-77.70384199308621
40.77069865337663,-77.70420824983832
40.770280953219526,-77.70454413325287
40.76981696680776,-77.70493329826361
40.76942343168277,-77.70539084731996
40.76898774385398,-77.7059173926148
40.76859097602332,-77.7065125213859
40.768250037139765,-77.70703142394783
40.76792731978522,-77.7077332083352
40.76767087144538,-77.70829773683913
40.76727895621783,-77.70887748811298
40.76688900212404,-77.70937364454038
40.766584262464576,-77.70988473574404
40.766168186773754,-77.7103424282574
40.765779144061234,-77.71099112973779
40.765348856773606,-77.71166998352598
40.76498087455997,-77.71218884537083
40.76461721542053,-77.71271528143812
40.76432561154696,-77.71324168273308
40.76400716660651,-77.71376032336482
40.76359647248195,-77.71418006380182
40.763190641840644,-77.71458444918852
40.762788436076846,-77.71521738366869
40.762470688285084,-77.71570604642149
40.76214809089731,-77.71620931439004
40.76171614205379,-77.71676624052976
40.76147153756946,-77.71739964842246
40.76120928147978,-77.71801752490546
40.760690854026585,-77.71861273566948
40.76024754169957,-77.7190781081151
40.75974514473426,-77.71956623633616
40.75933659281914,-77.7200852079138
40.75891849940719,-77.72062673426394
40.758410686332965,-77.7213441220863
40.75802194799262,-77.72178651764898
40.75755754561364,-77.72238165628163
40.75709295703329,-77.72298455242716
40.75672493618272,-77.72350291742437
40.756347888539686,-77.72402201849805
40.756044162667344,-77.72467810386733
40.75568909054197,-77.7252199299032
40.75533024224579,-77.72573087372352
40.75496147557512,-77.72628027181922
40.75463324297794,-77.72682947053949
40.754206104256426,-77.72737128782141
40.75384669603999,-77.72790550477211
40.75355376737924,-77.72848500143131
40.753152741568776,-77.72906488150957
40.75278972824773,-77.72956080990333
40.7523438455559,-77.73013291876649
40.7519698334257,-77.73071277428319
40.75155473916638,-77.73131573942425
40.75123386205703,-77.73193365991393
40.75092920396112,-77.73243713108961
40.75060111910056,-77.73297887053074
40.7500587978187,-77.73400889182987
40.74968243369669,-77.7344971913447
40.74937614287836,-77.73506904324972
40.749079751080075,-77.73560317444432
40.748725350197695,-77.73611456543209
40.74831962428799,-77.73651133285634
40.748009719958134,-77.73704526498528
40.74766792419787,-77.73759453804432
40.747259472456484,-77.7381059098911
40.74690920921746,-77.73863224778727
40.746558214875606,-77.73918926825631
40.74619876424978,-77.73972298972481
40.74586577038424,-77.74028036794742
40.74554360866231,-77.74076083657947
40.74523673498198,-77.7413559164411
40.744895640741774,-77.74187482663243
40.744575800468745,-77.742446787378
40.7443065824726,-77.74297308315924
40.744010147452286,-77.74350750754333
40.74358530205054,-77.74394967676308
40.74314660203852,-77.74421696385089
40.74269708204423,-77.74456040809778
40.742330413875465,-77.74501790843209
40.74193166919677,-77.74549850858325
40.74153815240265,-77.74594860252319
40.74115058571469,-77.74633787515268
40.74064178768024,-77.74671179092637
40.74017388585352,-77.74707036210084
40.73968492283471,-77.7473677416569
40.73923325569571,-77.74761188452042
40.738723222687405,-77.74784843996203
40.73866865131315,-77.74862663421774
40.73908989753637,-77.74909212314743
40.73964639279221,-77.74974044922021
40.740203876632386,-77.75072484274486
40.740605829467185,-77.75124358984188
40.74103330162597,-77.75201393035832
40.74140012873987,-77.75249460608208
40.74182667405038,-77.75330341303442
40.742290336222865,-77.75406639327417
40.742685270080756,-77.75450125056044
40.74309857826669,-77.75492095852526
40.74358138832173,-77.7554475346705
40.744059334363214,-77.75598909106206
40.7445932649976,-77.75663770279071
40.745051917977165,-77.75723251174587
40.74554099145542,-77.75787336757706
40.746166439729116,-77.75846102727539
40.74673133554302,-77.75913242648704
40.74738099196468,-77.75833138208722
40.74775533152452,-77.75774359351554
40.74811772654353,-77.75727854965331
40.74852480140921,-77.75682830114567
40.74910177862664,-77.75624109520882
40.74950739197678,-77.75585184220488
40.74989139207201,-77.75542468022324
40.75006864962489,-77.7547913321668
40.750911544278765,-77.75476063399523
40.75158410677718,-77.75507340827608
40.75185665063067,-77.75572979580734
40.7518672623182,-77.7564164476264
40.75190806344402,-77.75734715027629
40.75191720639473,-77.75809481280884
40.75199858631201,-77.75883472986817
40.75207617900538,-77.75954451169756
40.752106369286764,-77.76035300786864
40.75200399846058,-77.76105497220802
40.75196522139023,-77.76173402894659
40.75183234930128,-77.76258092577486
40.75183373596674,-77.76327496827751
40.75179098741515,-77.76393127958988
40.75160973042752,-77.7645415052454
40.75138214989267,-77.76520532546371
40.7511678943526,-77.76587672601511
40.75099434826029,-77.7665405577982
40.75084478418201,-77.76714320096475
40.750707809060906,-77.76778411592078
40.75061945012873,-77.76846331769407
40.75050352478709,-77.76916506066448
40.75031700480176,-77.76980576119016
40.75009593681017,-77.77075962115866
40.74954087510591,-77.7717436391235
40.74931142345474,-77.77248357896352
40.74896725070135,-77.77312473632979
40.748688434620135,-77.77385706056455
40.748388477896825,-77.77471914660143
40.74810881889974,-77.77529893982862
40.74794118766891,-77.77590189534686
40.74776666879028,-77.77660374848647
40.7475798265404,-77.77744313251127
40.74738131607687,-77.77820578520638
40.74729666572445,-77.77891544121523
40.74732083376411,-77.7795944703564
40.74733966747044,-77.78049459714292
40.74714572146222,-77.78144062677819
40.74707116428772,-77.78210443460101
40.74705965170749,-77.78276828021238
40.74701559085353,-77.7836609681296
40.74693936965987,-77.78439317050908
40.74681219833286,-77.78537009819784
40.7467558290614,-77.78602577530393
40.74666633347415,-77.78693395293136
40.74662445702686,-77.78773494003134
40.746622359570424,-77.78856682643215
40.74660952232301,-77.78928390421834
40.746609900092686,-77.79019916513802
40.74654226883981,-77.7909468882617
40.74644650240728,-77.79174043429406
40.74632278788799,-77.79257203789622
40.746258237849766,-77.79356377545191
40.74626695967398,-77.79431913036584
40.746223553699494,-77.79518110848305
40.74622054126914,-77.79623426588702
40.74622209480111,-77.79691308083551
40.74621821266633,-77.79763015741887
40.7463089516018,-77.79853069826041
40.74634354856881,-77.79933192101045
40.74639147514329,-77.80014036572305
40.74631297728417,-77.80114742431334
40.74634663081421,-77.80198672816049
40.74635116683636,-77.8027267346898
40.74627296507671,-77.80353543213047
40.74619155335665,-77.8042906993911
40.74609569581548,-77.80508421690121
40.74609533534458,-77.80583955844719
40.746164244130235,-77.80670921191827
40.74611261315536,-77.8073502585803
40.74612710059674,-77.80823501697289
40.746178337840384,-77.80908986542373
40.746192622715334,-77.8099823882678
40.74617049506157,-77.81089040127837
40.746103335383275,-77.81179799579158
40.74593518297816,-77.81259918514695
40.74580137466435,-77.81346917513446
40.745674305221286,-77.81424729375642
40.7455583267505,-77.81512432078854
40.74542915762547,-77.81580353133712
40.74532306578473,-77.81645965790308
40.74522240834182,-77.81707752287389
40.745070525875065,-77.81776427864166
40.744937217610854,-77.81842794553761
40.74478985597226,-77.81929789257316
40.74467908442226,-77.82014458695951
40.74444332013645,-77.82094583905736
40.7442705806881,-77.82156378577233
40.744084558635265,-77.82254032950425
40.7438945675644,-77.8233107510763
40.743779046919954,-77.82398236428314
40.74358566590403,-77.82470693011402
40.743456070209476,-77.82540125637777
40.743237893451166,-77.82603465092777
40.74311281120416,-77.82691197864003
40.74276330961377,-77.82794188213879
40.742486053120125,-77.82914729100352
40.741488659336696,-77.83161921585294
40.74089537244206,-77.83303838528737
40.74057621298994,-77.83393092377666
40.73999772671597,-77.83547964674757
40.73954850524497,-77.83653260153655
40.73891256555547,-77.83803553836535
40.737729949491914,-77.84088896843006
40.735458072819746,-77.84736639529784
40.732394535080644,-77.85506442531492
40.73069669214836,-77.85942832082607
40.73006907936952,-77.86094673664996
40.72946018445223,-77.86261744014087
40.728872348346975,-77.86398321755549
40.727436754593974,-77.86738597433168
40.72644172314112,-77.86991125737761
40.725832699154,-77.87158196736335
40.72505277811804,-77.87360379321632
40.724607463399074,-77.87484751239239
40.72370754396811,-77.87644196301639
40.72265287438065,-77.87936395218699
40.72143452219331,-77.88270570539646
40.72022562391651,-77.88566577781077
40.718988753663304,-77.88848099726819
40.71770361174778,-77.89124297199353
40.71818819771661,-77.89185325725828
40.71863894175733,-77.8921966573163
40.71924050962857,-77.89263149701486
40.7197741379219,-77.89308171304393
40.720311018208434,-77.89340222710354
40.720785811946996,-77.89368435573326
40.72129346721444,-77.89391316050292
40.721997064527606,-77.8940505757772
40.722691838116845,-77.8938217241946
40.72314725285282,-77.8934402438998
40.72351795538035,-77.89284513406037
40.72385559871127,-77.8923111092512
40.72416622041277,-77.89177701845193
40.724455467833856,-77.89119723095762
40.72477096767283,-77.89064798776822
40.72511291485037,-77.8901215277486
40.72553131406289,-77.88941948979716
40.72595947476163,-77.88868715757305
40.726419567058656,-77.88829805737464
40.72692589115892,-77.88858043277362
40.72736035256096,-77.88885507769423
40.72794899571255,-77.88926700531213
40.7285899579748,-77.88974761881954
40.729100016825335,-77.89006051649355
40.72967236016361,-77.89040386616941
40.73021519551837,-77.89084639872675
40.73062465114979,-77.89122007533545
40.731097636366734,-77.89175413087587
40.731500671446284,-77.89220413134247
40.732020023283376,-77.8926848945955
40.73255690179082,-77.89300547013896
40.7330514314782,-77.8932189458395
40.73356205390271,-77.8935089762741
40.73421037359,-77.89387510152034
40.73482601449534,-77.89428718005783
40.73501220571388,-77.89494317051059
40.73518976251611,-77.89558417388596
40.73559019220571,-77.89631663028621
40.73593648099374,-77.89687357066825
40.73631218585555,-77.89751431150202
40.736700244653655,-77.89820092547565
40.73720548111683,-77.8990630406345
40.73759947335772,-77.89951329046092
40.7380161747833,-77.89995583673962
40.73838649906473,-77.90045169427118
40.73882389628757,-77.90078746817207
40.73949510380544,-77.90077983025749
40.74009166419085,-77.90105425834795
40.74057485821894,-77.90135965713559
40.74114065716597,-77.90160370787255
40.74170091969082,-77.90135182358362
40.742146109605706,-77.90084069664925
40.74252125339195,-77.90042865626519
40.74301069349929,-77.90030671869515
40.74349696658814,-77.9004897666203
40.74417458416237,-77.90076440474891
40.74480927530922,-77.90095520936336
40.74529900177304,-77.90100093228776
40.74597116645684,-77.90095522238448
40.74642372350419,-77.90068827049285
40.74689870917524,-77.90024575681572
40.74741192116858,-77.89989483178246
40.74783075125076,-77.89953628271495
40.748414199807414,-77.8990784809915
40.74898461657758,-77.8987807298966
40.7495442886512,-77.89855208699457
40.750035549491564,-77.89853679627224
40.75082527674348,-77.89900970254175
40.75125444068276,-77.89931482718596
40.75174003472841,-77.89970402051347
40.75220407365594,-77.90005490014242
40.75265498303567,-77.90039059393708
40.75320458453225,-77.90074150403008
40.75367119745194,-77.90116894279059
40.75424148426369,-77.90177152971079
40.75469066169139,-77.90217583075399
40.75524541946284,-77.90267948841083
40.75568932212301,-77.90311429402082
40.75612929229287,-77.90352635564714
40.75671770867252,-77.90358732698728
40.75715198233785,-77.90315243623954
40.75752262841892,-77.90274049543982
40.757880829996736,-77.90210721256037
40.7581995419409,-77.90161138245055
40.758596350042794,-77.901054353442
40.75898165207676,-77.90059657507976
40.759466508123396,-77.89994064370873
40.75982651633587,-77.8994140132451
40.76017166491096,-77.89894096026956
40.760531278534614,-77.89842984884356
40.76104544403117,-77.89804075794126
40.76156439611158,-77.89781955769548
40.76205575266906,-77.89762121624499
40.762563303628724,-77.89731603901473
40.76287279989146,-77.8968277104884
40.76325808206405,-77.8963700636547
40.76370038092448,-77.8959731926502
40.76397853837436,-77.89655314275556
40.764297040179436,-77.89714040394824
40.7646072897787,-77.89769751178886
40.76490987781878,-77.8982009841557
40.76535820628657,-77.8984603624311
40.765928222641705,-77.89853679085311
40.766451199823116,-77.8985138126542
40.766946489061795,-77.89833821729223
40.7674648655757,-77.89813993020591
40.76797270658503,-77.89800245174239
40.768550390633926,-77.89777378910124
40.76902689098576,-77.89798738785059
40.76943909565816,-77.89842976465133
40.769892784585934,-77.89883415284618
40.77032098245301,-77.89917764700617
40.77081204215235,-77.89952850843828
40.771303496752374,-77.89950546295776
40.77185252535081,-77.89952101970187
40.77241057417974,-77.89953604384927
40.77286331602612,-77.89926159007713
40.77292896915788,-77.89862060546551
40.77313719120814,-77.8980407996775
40.77364148628317,-77.89786520744909
40.77413140248022,-77.89790335824564
40.77462831285781,-77.89784240298651
40.77515138252506,-77.89763652150337
40.775660947025415,-77.89743042003056
40.77610803370701,-77.89720160535865
40.77660561666359,-77.89693462521336
40.77709984807659,-77.89662176851631
40.77761017593526,-77.89674373980874
40.77763230409758,-77.89747615553298
40.77758879049936,-77.89813240451072
40.77754535909383,-77.89932257393593
40.77759526195035,-77.90002435589804
40.777830176285725,-77.90071123705226
40.77808972410879,-77.90131384967393
40.77849280185777,-77.90193938037496
40.77882889653509,-77.90254219127063
40.77909782698368,-77.90312949252014
40.77934049448159,-77.90368658759584
40.77956303634764,-77.90432741682748
40.779686581824635,-77.9051437017313
40.77965145708784,-77.90582273264648
40.77933568816693,-77.90637973423661
40.778969416978164,-77.90697488652013
40.77866896460769,-77.90763862716449
40.77834456828918,-77.90818023969653
40.778180556572174,-77.90879068302885
40.77798914023602,-77.90941621828593
40.77786450227372,-77.91007225111181
40.77780779520494,-77.9107131061651
40.777889145589334,-77.91141516175898
40.77793993651028,-77.91207885699856
40.77808194946759,-77.9126967405485
40.77829974127339,-77.91334533981082
40.77861660747759,-77.91399383322737
40.778974385963764,-77.91462709024172
40.779470349828095,-77.91513828654381
40.77985469168012,-77.91561128108306
40.780261546999924,-77.9160843409189
40.780646464615806,-77.91653441471296
40.78087362805726,-77.91716772521382
40.78107943290983,-77.91775511547742
40.78144832049106,-77.91830447884165
40.78193539639391,-77.91863241200552
40.78238328685605,-77.91890716317047
40.782759766701815,-77.91933431077314
40.78299965019452,-77.91999820232378
40.78336576557199,-77.92047878351654
40.78383089031512,-77.92078411801378
40.78426063126704,-77.92124176428047
40.7846253863878,-77.921775810506
40.78497140729093,-77.92251585457208
40.78524105798029,-77.92324829632601
40.78542180029048,-77.92393481163886
40.78555086498104,-77.92470552795443
40.785601383943096,-77.92537688835449
40.78551820190201,-77.92617031688681
40.78540310311102,-77.92697900457895
40.78521042306109,-77.92765041476622
40.78505434641138,-77.92829899021872
40.78557267452964,-77.92845916010482
40.78603521291154,-77.92868816404518
40.78650075211899,-77.92915356135555
40.78697249701895,-77.92937464655353
40.78746317368864,-77.92938234012318
40.78801709559061,-77.92938226159956
40.78857043003064,-77.92940530263138
40.78926826728254,-77.9294128510096
40.789765580379154,-77.92933658828774
40.7902650703362,-77.92935189224151
40.79078044368262,-77.92945103533538
40.79093567439054,-77.93007669349963
40.79089197616192,-77.93073285587192
40.79094677293373,-77.93141168434892
40.79117502040669,-77.93199908555818
40.79166026281861,-77.93222043236064
40.79214822383864,-77.93233487355629
40.79266359358569,-77.9324340432665
40.79316560845239,-77.93235004537406
40.793810173895956,-77.93232732069579
40.7943018229318,-77.93229675107087
40.794880047291606,-77.93240350733366
40.79549643205295,-77.93242639312024
40.79606638341809,-77.93232723691496
40.79658442899191,-77.93214412765222
40.79712538015087,-77.93194572816248
40.79767033295417,-77.93212120777577
40.79835581617319,-77.93208324660753
40.79884016547765,-77.93180845901341
40.799287471979085,-77.93139647689165
40.79966248562955,-77.93081667118584
40.80014310040815,-77.93051151859657
40.80069266987083,-77.93032829178753
40.8011407888139,-77.93006133308295
40.80162202643988,-77.92990879885289
40.80233181977829,-77.92997744854691
40.80281779921537,-77.92999272677818
40.803536253804346,-77.93025214893272
40.804219844493495,-77.93046577840317
40.80493476794778,-77.93068690401746
40.805543540697364,-77.9308320555997
40.806088884451604,-77.93099219725732
40.80685116540162,-77.93112188952128
40.80733714403406,-77.93113717909533
40.80783562371809,-77.93101503475253
40.80835506643783,-77.93095400716042
40.80886395076291,-77.93095400609941
40.8098446376743,-77.93064120161114
40.80944326909875,-77.93154906737072
40.80939897758629,-77.9322281665418
40.809453992655286,-77.93307500427905
40.809378368501314,-77.933746238565
40.8092023027583,-77.93447101604772
40.80906516811156,-77.93508156016216
40.808744637021725,-77.9359968437892
40.808504112789876,-77.93659966996152
40.8082138539837,-77.937210113343
40.8079210361901,-77.93774413000585
40.80775570176255,-77.93840026971473
40.80777522781128,-77.93922422396037
40.807838780928265,-77.93991084219152
40.80756985488863,-77.94056702908384
40.80725450224831,-77.94110114119795
40.80690095660097,-77.9415435473998
40.80649750180794,-77.94217691764318
40.806213668220224,-77.94271092549225
40.80599270653555,-77.94342810267311
40.805938952967786,-77.9441222967527
40.805588921403285,-77.94460298666183
40.805281583640095,-77.94517520084837
40.8048890512476,-77.9455565814052
40.80442054287172,-77.9459151486186
40.80416862257449,-77.94660944172477
40.8041244383542,-77.94728088717855
40.80401486618264,-77.948043704486
40.803682050767605,-77.94855494036602
40.803302231652594,-77.94896704321346
40.80293592501753,-77.94937899934118
40.8024899210266,-77.94973760088847
40.802435155559664,-77.95046985900976
40.80216831758744,-77.95104214788634
40.801700182117415,-77.95138549298811
40.80116742267213,-77.95161448036994
40.800683030926194,-77.95188912957246
40.800438512156894,-77.95246886956748
40.80013250248668,-77.9529877272652
40.80005617380819,-77.95368196134963
40.80026002827329,-77.95433806983887
40.80054238832388,-77.9549180336688
40.80086312628458,-77.95540618298118
40.801286653423496,-77.95592501368333
40.80160170722626,-77.95645903500284
40.801824928343365,-77.95706176482045
40.80210767240148,-77.95762621451024
40.80240431177045,-77.95817554461637
40.802729335831344,-77.95884707668002
40.802899871700006,-77.95957193703268
40.80311955110615,-77.96031195057176
40.80334314069651,-77.96089953698731
40.80370575652815,-77.96133422375414
40.80393913556044,-77.96189114032799
40.80416604542247,-77.96252444721372
40.80395690790649,-77.96312723539748
40.80357997791654,-77.96360013060038
40.80309144744066,-77.96385951535764
40.8025627854139,-77.96392820645107
40.80204000082551,-77.96394345107511
40.80151643146493,-77.96398921813852
40.801001278304014,-77.96405795321031
40.800469086992074,-77.96426389783156
40.800068453741886,-77.96478274610324
40.799752794687244,-77.96532444774692
40.79955499245028,-77.96601121366253
40.79946096915904,-77.96669000704726
40.7994550352238,-77.96744550454397
40.79955855859145,-77.96814736164954
40.79942928018559,-77.96879569002745
40.79913472245488,-77.96956646178599
40.798796727171236,-77.97010028457679
40.798447550134426,-77.97071841894657
40.79804118768721,-77.97145843996148
40.79775662862316,-77.97201537062443
40.797352833224885,-77.97248086232095
40.797079813155705,-77.97311403828218
40.796800732378934,-77.97363286574951
40.79648112267165,-77.97415154514745
40.796253123599946,-77.97478486564663
40.79588200007394,-77.97537993498652
40.795545545655365,-77.97585303271991
40.795197920323524,-77.97640988251656
40.79471428358418,-77.97647863015997
40.79412431355988,-77.9766540993036
40.7937829598526,-77.97714232895017
40.79341280934756,-77.97769926146238
40.79299449982718,-77.97820274126455
40.792629831981785,-77.97872157628801
40.792217201872255,-77.97917937590287
40.791784388051546,-77.97972107411616
40.79100987202253,-77.98041541946243
40.791366854832724,-77.98123928194211
40.79165026490831,-77.98177340340152
40.79201394562248,-77.98233797387319
40.792278941238834,-77.98288739025075
40.79260426248849,-77.98336785263915
40.793096152095465,-77.98315435115346
40.79387826897268,-77.9826890485417
40.794383800471586,-77.9828185396742
40.794753753611005,-77.98331453516306
40.7951297565552,-77.98392469178256
40.79562725693276,-77.98401642916917
40.796088613230395,-77.9837647049061
40.796549380284766,-77.98353572829853
40.797007022527985,-77.98325346112212
40.797485403275644,-77.98303989691118
40.79795739671414,-77.98342123083731
40.79841820444691,-77.98388669954522
40.799053497647606,-77.98422240112357
40.79955617583272,-77.98394011057242
40.80001539903156,-77.98359679232564
40.80050630315416,-77.98342137762117
40.80099918399921,-77.98316956388386
40.801561389068155,-77.98284918216125
40.802080300643084,-77.98263556639724
40.8025650871915,-77.98269654983947
40.803106052261555,-77.98284894776025
40.803611180133046,-77.98299400119325
40.80381233759626,-77.98357380869979
40.80378614701846,-77.98423769528745
40.80396398825662,-77.98484813212416
40.80420626133574,-77.98540497509074
40.80449474921594,-77.98591611267292
40.804838065387884,-77.98639674823485
40.80564291929967,-77.9874877997157
40.806014041807,-77.98793784444881
40.806379268698805,-77.98844152546839
40.806839811376356,-77.98909006725877
40.80727926721832,-77.98950967542648
40.80772218984579,-77.99014281025771
40.80817530000214,-77.99073029315132
40.80844080120409,-77.9914321493122
40.80830707964685,-77.99207309289757
40.808236601950426,-77.99270632052954
40.80849274208827,-77.99324792354618
40.808969255325124,-77.99345383053516
40.80947550121056,-77.99372868259346
40.81002194012868,-77.9938430953161
40.810340850380776,-77.99335475487375
40.81084760258241,-77.99326326715588
40.81134648911867,-77.99330126573363
40.81189955603414,-77.9935072928964
40.81237705789433,-77.99367510176118
40.812974360099325,-77.99391183622961
40.81343305656722,-77.99411010866714
40.81389585659189,-77.99432375754922
40.814429525064774,-77.99458301697918
40.814927755940914,-77.99481956925304
40.81542227644151,-77.99502557986814
40.81595435629399,-77.99534590788477
40.81647396711738,-77.9954528423988
40.81705331269127,-77.99551393576077
40.81751375699015,-77.99512491564354
40.8178855264145,-77.99468225419082
40.818279010996164,-77.99427038918434
40.8186777948743,-77.99382782225015
40.81910211764113,-77.99309538006648
40.819344119781455,-77.99244698006758
40.81949313725426,-77.99173733805671
40.819932782995274,-77.99145515676156
40.82041969147247,-77.9916076516399
40.82093243089097,-77.99180595582813
40.82141463403608,-77.99196621017855
40.82191247571719,-77.99221794416052
40.82240892840438,-77.99252315799359
40.822723410440176,-77.99307250625027
40.82301868625206,-77.99366767977773
40.82354804856269,-77.99391936994896
40.82413533727748,-77.99298097722314
40.82463640774353,-77.99224099366208
40.82496060506896,-77.99172221191644
40.82531731456722,-77.99116524122518
40.82559746730192,-77.99060815714051
40.82581104825483,-77.99001324615588
40.825939862783436,-77.98938747296805
40.82629438324166,-77.98891449346499
40.826739716065774,-77.98858639150292
40.82718385831865,-77.98830417807974
40.827446374963095,-77.98773200862098
40.82757087145759,-77.98709861091743
40.8276922424506,-77.98641189834179
40.82777757648749,-77.98572541809652
40.82812955457022,-77.98517614623928
40.828440012032395,-77.98466502379095
40.82875047216879,-77.98415371146162
40.82912278794848,-77.9836883380069
40.82945496842156,-77.98320763407112
40.82976541776016,-77.9826964920812
40.83010679176839,-77.98220840935518
40.83049123036488,-77.98179636319698
40.83083868813944,-77.9812470312517
40.83122236791416,-77.9806900532483
40.831551608097904,-77.98014841605544
40.83183328460881,-77.97953034491833
40.83209027185293,-77.97899620659385
40.832379963266945,-77.97841628209366
40.83271487731632,-77.97782892827946
40.83299045684126,-77.9772720777754
40.83323099487198,-77.97667696771074
40.833472910929146,-77.97602836762731
40.83369562215278,-77.97542578075118
40.83386606709008,-77.97475433378288
40.83417003502708,-77.97414388572848
40.83450374440793,-77.97360239226771
40.83490754607621,-77.97313684610933
40.83519211480425,-77.97257980392205
40.83541109330385,-77.97194663542831
40.8355398042947,-77.97132110220518
40.835668903110744,-77.97068038995651
40.835821900976434,-77.96998589635923
40.83594668507127,-77.96933757433162
40.83621949591261,-77.96871179431842
40.836496215502464,-77.96810897479016
40.83681874315001,-77.96747595352082
40.83713168038599,-77.96686547482788
40.8373549316131,-77.9662400566361
40.83752023154977,-77.96559148137341
40.83772507861685,-77.96498098472128
40.83791327684035,-77.96431730269924
40.83806427215073,-77.96369920955
40.838251088152724,-77.96308901017586
40.83843888574922,-77.96244049413745
40.83863079279285,-77.96180716676298
40.83893390134093,-77.96122752274957
40.839255423147954,-77.96063220163495
40.83955989982346,-77.95999905538025
40.83986222040679,-77.95944974977188
40.84013281946243,-77.95873262425809
40.84036386097616,-77.9581528966444
40.840614483675594,-77.95751195880916
40.8409418541877,-77.95651234106899
40.84109867442851,-77.95584109233917
40.84122396995673,-77.9551697361609
40.84122395134741,-77.9544677915161
40.841127601110934,-77.95383439221389
40.84063844488449,-77.95271305396271
40.84115534699876,-77.95257572218307
40.84164210170188,-77.95256046499672
40.842164288975155,-77.95239260370171
40.84266826495737,-77.95223245553647
40.84317223670906,-77.95189662848875
40.84348841841866,-77.95133212020704
40.84379011234049,-77.95080569419135
40.84408749527056,-77.95027165947766
40.844442055247804,-77.94979093403201
40.84472865768696,-77.94915003923943
40.84507498394386,-77.94863891648345
40.84537725343701,-77.94808951184302
40.84569381055068,-77.9475096020878
40.846021725173145,-77.94701377009648
40.84633729765512,-77.94647216762274
40.84653675479104,-77.94589242612219
40.84680768485762,-77.94533530728657
40.84702495936759,-77.94476301931907
40.84724828512836,-77.94413002395348
40.84749649347765,-77.94358059594761
40.8476649969694,-77.94297796720811
40.848035372155984,-77.94240577040983
40.84843042863345,-77.94192509970317
40.84874088974917,-77.94140639352284
40.849085629828664,-77.94095610336973
40.8491759797574,-77.940238983265
40.84908032758697,-77.93957516364958
40.84953177852854,-77.9391783229444
40.850333037558705,-77.93830859310286
40.850747608109096,-77.93759170203315
40.85090079149468,-77.93688215469646
40.85104399304443,-77.93621071271939
40.85128529078379,-77.93557751750814
40.85153753817268,-77.93486788661609
40.85162649402145,-77.93420404677862
40.85175127245983,-77.93354808793022
40.8515983995912,-77.93283075839919
40.851461589186705,-77.93218994342493
40.8512440672051,-77.93135819610431
40.8510185338756,-77.93066417562977
40.85076404841794,-77.93004598254451
40.85079384873776,-77.9294051121037
40.85106391676313,-77.92887880299918
40.851403085059864,-77.92829140819802
40.851686474024596,-77.92777234881045
40.85212964772432,-77.92734520849734
40.85256972172996,-77.9270400649048
40.853094825604664,-77.92693327058402
40.85361077658686,-77.92700956077029
40.85406372570463,-77.92726137784102
40.85451512697942,-77.9275741088507
40.85499804853527,-77.92788693577194
40.8554778206655,-77.92814643385871
40.85597803759643,-77.92795569722924
40.85640068441337,-77.92762753159309
40.85686070903855,-77.92724614463641
40.8572557069676,-77.92676531922906
40.85763756998944,-77.92626963744662
40.85797479538613,-77.92575826810412
40.85832295143029,-77.92517100833194
40.858716924457404,-77.92455276579648
40.85910367160915,-77.92404170559767
40.85953056370701,-77.92354575198699
40.85973455052235,-77.92278289065675
40.86010032432063,-77.92221064770872
40.860512146301616,-77.9217759232264
40.86080329700476,-77.92112716854757
40.8611265380386,-77.92045590702395
40.86148310259498,-77.91989120540812
40.8617539000733,-77.91933440674083
40.8620555865499,-77.91862473595053
40.86235121410177,-77.91797633448095
40.86266350059128,-77.91738130338706
40.86305723298152,-77.91677093528857
40.863391644763645,-77.91619113709264
40.86362163851686,-77.91546642426552
40.8637570634173,-77.91474144955562
40.86371491646187,-77.91409302586874
40.86341530431786,-77.91347501898882
40.863155060402896,-77.91290286197574
40.86287853704517,-77.9122619654109
40.86264492164315,-77.91170507297875
40.86241284679909,-77.91108708071364
40.86244466380825,-77.91036220471071
40.863008741189184,-77.9103164777402
40.86349310499606,-77.91021739321624
40.86401491991665,-77.91024025462417
40.86448861791394,-77.91038520862138
40.86502929129902,-77.91055293471145
40.865526135672866,-77.91031629134024
40.86599614351781,-77.91007235139686
40.86646981623638,-77.90968323168951
40.86689568343239,-77.90922546116363
40.86728867672088,-77.90882111801947
40.86771376976306,-77.90839389075454
40.86815983954726,-77.9080276408983
40.868577927372634,-77.90769946280362
40.868916603276396,-77.9071273589783
40.869249624540224,-77.90660079241863
40.86957420706482,-77.9060516048508
40.869939319589164,-77.90550233124361
40.870358549293826,-77.90512857300317
40.87069740931724,-77.90454866265311
40.87097733913034,-77.90398396712035
40.87133620383439,-77.90350354910193
40.87173110075467,-77.90302284717552
40.87208115613719,-77.90253443244339
40.87248755037205,-77.90195466438801
40.872908225122146,-77.90134418115896
40.87327647275615,-77.90084838634868
40.87358694251206,-77.90032206726418
40.87379201967176,-77.89968880026484
40.87404155611274,-77.89907823520309
40.87450224966764,-77.89866654852239
40.87477314154272,-77.89810195797907
40.87506693278092,-77.89752204662832
40.87574034599823,-77.8968887950776
40.876213497061514,-77.89633949881762
40.87670006348977,-77.89561464251379
40.877072312677164,-77.89495858414794
40.87741830716962,-77.89427189380496
40.87779352231108,-77.89367676496306
40.87813768443779,-77.89288336885704
40.878416984131945,-77.89234152536325
40.878647885781234,-77.89175418255599
40.87888060034249,-77.89091493690495
40.879089936308084,-77.89028937779874
40.87950067557458,-77.88953388984558
40.879968139487595,-77.88903043233152
40.880282681006044,-77.88851920177623
40.88061714517584,-77.8879316988009
40.88078601911141,-77.88712301393662
40.88077715491977,-77.88639819459713
40.88055749693606,-77.88581848131972
40.88022055981005,-77.88524628337204
40.88076688898293,-77.88500969817855
40.881330270526355,-77.8848114908158
40.881830115063835,-77.88445291039814
40.88238362071132,-77.88410945038272
40.88294448831076,-77.88365171167746
40.88348924635721,-77.88311779692425
40.88409476647683,-77.88267514723744
40.88451316429257,-77.88233172868173
40.88488907670608,-77.8817062749233
40.88531720162884,-77.88097367535761
40.88576516193603,-77.88034818057002
40.886168851465705,-77.87969201434784
40.88661528277087,-77.87912744520122
40.88699713604283,-77.87862404365026
40.8873769684171,-77.8780211539144
40.88781102054814,-77.8774109651093
40.88807280344783,-77.87684633735817
40.88828244619087,-77.87620545471678
40.88861602642759,-77.87528992087525
40.88890031513856,-77.87472532552701
40.88867768699851,-77.87390122186036
40.88875766004624,-77.8732224433018
40.888707669001654,-77.87233738979262
40.888736069204164,-77.87155920579562
40.88866913185761,-77.87081157490624
40.88906199638473,-77.87040705643278
40.889822249655396,-77.87062074670723
40.89039759739622,-77.87048355264055
40.89093831321039,-77.87010952470621
40.89154600328143,-77.86975860113417
40.89202176318101,-77.86946112587587
40.892223499533806,-77.86877440425395
40.89219523085978,-77.86791991819811
40.89238539825551,-77.86697379854238
40.89274904973836,-77.86629480082443
40.89283035894555,-77.86537938975906
40.89271328157141,-77.86465440438575
40.89277011505983,-77.8639984976425
40.892964516378896,-77.86324318766476
40.893237178637136,-77.86241910714418
40.89366812099347,-77.86193084459961
40.8941937748461,-77.8616182082799
40.89455982048036,-77.8610229078065
40.894820615058045,-77.86031345718304
40.8950297878981,-77.85968782973761
40.89543744524037,-77.85923006175153
40.89602648516973,-77.85908500388115
40.89669268674354,-77.85873406432154
40.89712902306625,-77.85839083463162
40.89764593255488,-77.85770406189543
40.89809229396179,-77.85695637450674
40.898412933637715,-77.8561934349908
40.898648342516616,-77.85559856536233
40.89903649414896,-77.85501861057263
40.8995006637392,-77.85427851829775
40.899749607167,-77.85350041023503
40.90027086119259,-77.85245505137091
40.900781716734976,-77.85182951850625
40.901315246822755,-77.85137948529196
40.901806012424075,-77.8508376498399
40.90213896224172,-77.85030367875164
40.902334762066985,-77.84967032835294
40.90249679132348,-77.8489455654671
40.90266461669416,-77.8483505140416
40.903054970719325,-77.84786220543779
40.90334362633052,-77.84729774376805
40.90355591714032,-77.84672536296341
40.90390763507926,-77.84597774171601
40.90431882010392,-77.84537493129952
40.90469509724461,-77.84472665590465
40.90492108810409,-77.84396360445778
40.90508609557599,-77.84311668984009
40.90521880332463,-77.84248355408593
40.905445529143215,-77.84169010002819
40.90571408857941,-77.84102623506999
40.9061706512329,-77.84040844118371
40.90643188292714,-77.83985888439852
40.906898780117984,-77.83882137504492
40.907181016031366,-77.8381500929307
40.90768318067032,-77.83714282031394
40.90807818542994,-77.83609774624999
40.90845535966821,-77.83504484861123
40.90869911017893,-77.83447261587717
40.908957493284355,-77.83385462926636
40.9094434793059,-77.83295438230125
40.90986491049996,-77.83211517834685
40.91018332157806,-77.83125301543943
40.910560641748766,-77.83037573545923
40.9109225756211,-77.82957458820826
40.91122597058298,-77.82895644136043
40.911645672481946,-77.82800302885875
40.91202746096421,-77.82694261930439
40.91232783464323,-77.82626347436694
40.912743002403,-77.82512673703414
40.91313716244271,-77.82411171394787
40.91337014853052,-77.82342522335527
40.91380727955453,-77.82267766475232
40.914334289505256,-77.8219376315497
40.91485997239892,-77.82106766875629
40.91525299093739,-77.8202818404146
40.91549458992828,-77.81961052219496
40.91591986985884,-77.81879413986556
40.916353377565784,-77.81782522772546
40.91671820047447,-77.81690236274966
40.91708550957492,-77.8162460039457
40.91746048381413,-77.81546009670876
40.917829460249244,-77.81473514921842
40.918267307225584,-77.81414038766289
40.91869991044539,-77.81357582232648
40.91901766123654,-77.81291954949278
40.919302910475785,-77.81211866328469
40.91946977602001,-77.81137063552448
40.919847915432705,-77.81063823965592
40.92024279492223,-77.81014254141566
40.9205595961752,-77.8095244164338
40.92094366989775,-77.80854808709105
40.921172166651424,-77.80748760443046
40.92131471684168,-77.80644240059654
40.92141854212765,-77.80513765949804
40.92175834696957,-77.8043134142871
40.92199312099636,-77.80373370943857
40.92224102784488,-77.80316939879708
40.92264799441701,-77.80236058900202
40.923041126881124,-77.80175008337403
40.923602785960306,-77.80124651307148
40.92414531256946,-77.80078888292317
40.92445645016021,-77.8002164526713
40.92496074495048,-77.79929333055401
40.92532091825731,-77.79837041873809
40.925560540784,-77.79777528057905
40.92588609652642,-77.79716483855141
40.9260729601423,-77.79651662477274
40.92642250578916,-77.7958452102727
40.926938741387474,-77.7947996965554
40.927452807431465,-77.79458609201653
40.92800407169219,-77.79450987812329
40.92849432161334,-77.79434981752819
40.92912831744684,-77.79420472167911
40.92972233628661,-77.79403678434473
40.93049802820093,-77.79399117957499
40.93114201398545,-77.79399123704513
40.93172838726638,-77.79395286644404
40.932309875119806,-77.79393024816493
40.93299661552385,-77.79383858237242
40.93369309961058,-77.79371652126144
40.93421771199955,-77.79362506883903
40.9347621893069,-77.7934572543302
40.93531284608078,-77.7932202929583
40.93600907309305,-77.79292302746657
40.93662023682221,-77.79297662521115
40.93698539938659,-77.79351794891156
40.937557389586196,-77.79370129296787
40.93799464679264,-77.79331219177492
40.93843924661028,-77.79299168972716
40.93897836619672,-77.79304485240586
40.93944962133699,-77.7932967016318
40.93998114116957,-77.79310605678569
40.94041932251992,-77.79267874593693
40.94079031688586,-77.79223634889827
40.94120708844024,-77.7917632120562
40.94156191694139,-77.7912444021273
40.941845606542856,-77.79068769848003
40.9421429246079,-77.78994003139262
40.94235497430568,-77.7889938934976
40.94249201127619,-77.78816968330405
40.94271503573819,-77.78751389628907
40.94250957769756,-77.78614038692764
40.94213585989166,-77.78539268772307
40.941846593120225,-77.78469086200502
40.94146946855844,-77.7838973797942
40.94112578512237,-77.78321072719788
40.940830715981825,-77.78256212808076
40.94043518661079,-77.78178422937951
40.94001585964665,-77.78105916161404
40.939531450042026,-77.7804182264477
40.93909380433581,-77.77989209874409
40.93857483672715,-77.77918997371813
40.9381985771654,-77.77873250393435
40.937753482583275,-77.77832819875965
40.93720748447456,-77.77762608103873
40.93669290601105,-77.77711495329392
40.936173178190735,-77.77644365034226
40.93562248097094,-77.7757491628646
40.935231414684786,-77.77534493032951
40.934695044825716,-77.77480323211769
40.93418513866471,-77.77428454827367
40.93360952279443,-77.77368926530019
40.93319106240668,-77.77330024146214
,
